Workbook

Sheet README
A1: SimpleGame 10분 밸런스 / 엑셀 → 유니티 데이터
A3: 순서 | B3: 작업 | C3: 검증 포인트 | D3: 필수 | E3: 메뉴/ID | F3: 비고
A4: 1 | B4: 이 파일의 입력값·스폰표를 수정하고 저장 | C4: 파란 입력 / 초록 수식 | D4: 예 | E4: Planning/GameData_10min_Balance.xlsx | F4: 2분 원본에서 확장
A5: 2 | B5: 유니티에서 엑셀 불러오기 실행 | C5: 콘솔에 스폰 3,283개 | D5: 예 | E5: SimpleGame > 데이터 > 엑셀 불러오기 | F5: 오류 시 기존 스크립터블 오브젝트 유지
A6: 3 | B6: 에디트 모드 테스트 실행 | C6: 카드 수식·방패 우회·겹침 수학 | D6: 예 | E6: SimpleGame.Tests.EditMode | F6: 빌드 오류 0 확인
A7: 4 | B7: 10분 플레이 테스트 | C7: 지속 스폰 / 후반 적 레벨 우위 | D7: 예 | E7: Stage01 | F7: 60웨이브 / 3,283마리
A9: 시트 | B9: 역할 | C9: 핵심 내용 | D9: 수정 권장 | E9: 유니티 불러오기 | F9: 검증
A10: EnemyBalance | B10: 적 기본 수치 | C10: 체력·공격·경험치 점수 | D10: 예 | E10: 예 | F10: 8종
A11: StageSpawn | B11: 개별 스폰 명세 | C11: 시간·종류·위치·레벨 | D11: 예 | E11: 예 | F11: 3,283행
A12: PlayerBalance | B12: 플레이어 기본 수치 | C12: 공격 성장·후면·이동 | D12: 예 | E12: 예 | F12: 1종
A13: PlayerLevelExp | B13: 레벨업 경험치 | C13: R(L)=6+2L+floor(0.025(L-1)^2) | D13: 예 | E13: 예 | F13: 50레벨
A14: AccountLevelExp | B14: 계정 레벨 경험치 | C14: 누적 계정 성장 | D14: 예 | E14: 예 | F14: 4레벨
A15: GlobalBalance | B15: 공통 규칙 | C15: 치명타 상한 등 | D15: 예 | E15: 예 | F15: 1행
A16: LevelUpCard | B16: 레벨업 카드 | C16: 13종 / 오물 투척 포함 / 한국어 이름·설명 | D16: 예 | E16: 예 | F16: 13행
A17: BalanceSummary | B17: 핵심 기획 | C17: 핵심 지표·수학식·차트 | D17: 아니오 | E17: 아니오 | F17: 수식
A18: WavePlan | B18: 웨이브 요약 | C18: 수·종류·경험치·레벨·체력 관문 | D18: 아니오 | E18: 아니오 | F18: 60웨이브
A19: CardMath | B19: 카드 수식 | C19: 관통 판정창·절단 재사용·레벨별 효과 | D19: 아니오 | E19: 아니오 | F19: 수식
A20: 밀도 설계 참고 자료
A21: 5차 반영: 오물 투척은 레벨마다 1/2/3/4/5개를 화면 안의 무작위 생존 적에게 동시에 던집니다. 각 장판은 3초 유지되며 0.5초마다 피해를 주고, 반경은 레벨마다 기본 반경의 10%씩 증가합니다.

Sheet EnemyBalance
A1: EnemyId | B1: Archetype | C1: MoveSpeed | D1: AttackRange | E1: AttackDamage | F1: AttackWindup | G1: AttackActiveDuration | H1: AttackCooldown | I1: AttackAreaRadius | J1: ApproachRange | K1: FacingTurnDelay | L1: PostAttackFacingLock | M1: KillExperience | N1: Score | O1: BaseMaxHp | P1: HpGrowthRate | Q1: LevelDifficultyOffset | R1: CombatProfileId | S1: ShowHpBar
A2: GoblinMelee | B2: Melee | C2: 0.85 | D2: 0.85 | E2: 2 | F2: 0.55 | G2: 0 | H2: 1.5 | I2: 0 | J2: 0 | K2: 0.5 | L2: 0 | M2: 1 | N2: 5 | O2: 3 | P2: 0.85 | Q2: 0 | R2: StandardMelee | S2: TRUE
A3: GoblinRanged | B3: Ranged | C3: 0.6 | D3: 2.25 | E3: 2 | F3: 0.8 | G3: 0 | H3: 2 | I3: 0 | J3: 0 | K3: 0.5 | L3: 1 | M3: 1 | N3: 7 | O3: 3 | P3: 0.85 | Q3: 1 | R3: StandardRanged | S3: TRUE
A4: ShieldSkeleton | B4: Shield | C4: 0.7 | D4: 0 | E4: 0 | F4: 0 | G4: 0 | H4: 0 | I4: 0 | J4: 2.25 | K4: 0.5 | L4: 0 | M4: 2 | N4: 8 | O4: 3 | P4: 0.85 | Q4: 0 | R4: Shield | S4: TRUE
A5: GoblinBoss | B5: Boss | C5: 0.75 | D5: 2.6 | E5: 4 | F5: 1.5 | G5: 0.5 | H5: 3 | I5: 1.35 | J5: 0 | K5: 0.5 | L5: 0 | M5: 8 | N5: 50 | O5: 15 | P5: 3.4 | Q5: 0 | R5: Boss | S5: TRUE
A6: MushroomBoss | B6: Boss | C6: 0.72 | D6: 2.6 | E6: 4 | F6: 1.3 | G6: 0.5 | H6: 2.8 | I6: 1.5 | J6: 0 | K6: 0.5 | L6: 0 | M6: 10 | N6: 70 | O6: 18 | P6: 3.8 | Q6: 0 | R6: BossMushroom | S6: TRUE
A7: FlyingEye | B7: Melee | C7: 0.95 | D7: 0.95 | E7: 1 | F7: 0.65 | G7: 0 | H7: 1.8 | I7: 0 | J7: 0 | K7: 0.5 | L7: 0 | M7: 2 | N7: 8 | O7: 3 | P7: 0.75 | Q7: 0 | R7: FlyingMelee | S7: TRUE
A8: FlyingEyeBoss | B8: Boss | C8: 0.88 | D8: 3.6 | E8: 4 | F8: 0.9 | G8: 0.5 | H8: 2.5 | I8: 1.6 | J8: 0 | K8: 0.5 | L8: 0 | M8: 12 | N8: 90 | O8: 20 | P8: 4 | Q8: 0 | R8: BossFlyingEye | S8: TRUE
A9: SkeletonBoss | B9: Boss | C9: 0.8 | D9: 3 | E9: 4 | F9: 1.2 | G9: 0.5 | H9: 3 | I9: 1.5 | J9: 0 | K9: 0.5 | L9: 0 | M9: 15 | N9: 120 | O9: 22 | P9: 4.2 | Q9: 0 | R9: BossSkeleton | S9: TRUE

Sheet StageSpawn
A1: StageId | B1: WaveId | C1: SpawnTimeSec | D1: SpawnIndex | E1: SpawnPointId | F1: EnemyId | G1: EnemyLevel
A2: Stage01 | B2: WAVE_01 | C2: 1 | D2: 1 | E2: LEFT_02 | F2: GoblinMelee | G2: 1
A3: Stage01 | B3: WAVE_01 | C3: 3.87 | D3: 2 | E3: TOP_04 | F3: GoblinMelee | G3: 1
A4: Stage01 | B4: WAVE_01 | C4: 6.73 | D4: 3 | E4: RIGHT_05 | F4: GoblinMelee | G4: 1
A5: Stage01 | B5: WAVE_01 | C5: 9.6 | D5: 4 | E5: BOTTOM_06 | F5: GoblinMelee | G5: 1
A6: Stage01 | B6: WAVE_02 | C6: 11 | D6: 1 | E6: BOTTOM_01 | F6: GoblinMelee | G6: 2
A7: Stage01 | B7: WAVE_02 | C7: 13.15 | D7: 2 | E7: LEFT_02 | F7: GoblinMelee | G7: 2
A8: Stage01 | B8: WAVE_02 | C8: 15.3 | D8: 3 | E8: TOP_04 | F8: GoblinMelee | G8: 2
A9: Stage01 | B9: WAVE_02 | C9: 17.45 | D9: 4 | E9: RIGHT_05 | F9: GoblinMelee | G9: 2
A10: Stage01 | B10: WAVE_02 | C10: 19.6 | D10: 5 | E10: BOTTOM_06 | F10: GoblinMelee | G10: 2
A11: Stage01 | B11: WAVE_03 | C11: 21 | D11: 1 | E11: BOTTOM_01 | F11: GoblinMelee | G11: 2
A12: Stage01 | B12: WAVE_03 | C12: 22.72 | D12: 2 | E12: LEFT_02 | F12: GoblinMelee | G12: 2
A13: Stage01 | B13: WAVE_03 | C13: 24.44 | D13: 3 | E13: TOP_04 | F13: GoblinMelee | G13: 2
... A3284: Stage01 | B3284: WAVE_60 | C3284: 599.6 | D3284: 124 | E3284: BOTTOM_08 | F3284: GoblinMelee | G3284: 52

Sheet PlayerBalance
A1: PlayerId | B1: StartLevel | C1: BaseMaxHp | D1: BaseAttackPower | E1: AttackGrowthRate | F1: RearAttackMultiplier | G1: BaseMoveSpeed | H1: PathEnemyApproachSpeedMultiplier | I1: PostKillEscapeSpeedMultiplier | J1: MoveArrivalTolerance | K1: AttackRange | L1: BaseCriticalChance | M1: Enabled
A2: LightBandit | B2: 1 | C2: 10 | D2: 1 | E2: 0.65 | F2: 3 | G2: 10 | H2: 1.1 | I2: 1.2 | J2: 0.08 | K2: 1.2 | L2: 0 | M2: TRUE

Sheet PlayerLevelExp
A1: Level | B1: RequiredExp | C1: CumulativeExpToNext
A2: 1 | B2: 8 | C2: 8
A3: 2 | B3: 10 | C3: 18
A4: 3 | B4: 12 | C4: 30
A5: 4 | B5: 14 | C5: 44
A6: 5 | B6: 16 | C6: 60
A7: 6 | B7: 18 | C7: 78
A8: 7 | B8: 20 | C8: 98
A9: 8 | B9: 23 | C9: 121
A10: 9 | B10: 25 | C10: 146
A11: 10 | B11: 28 | C11: 174
A12: 11 | B12: 30 | C12: 204
A13: 12 | B13: 33 | C13: 237
... A51: 50 | B51: 0 | C51: 3678

Sheet AccountLevelExp
A1: Level | B1: RequiredExp
A2: 1 | B2: 40
A3: 2 | B3: 150
A4: 3 | B4: 300
A5: 4 | B5: 500

Sheet GlobalBalance
A1: AccountExpScoreUnit | B1: AccountExpPerUnit | C1: CriticalChancePerCard | D1: MaximumCriticalChance | E1: InitialCardRerolls | F1: MaximumStoredCardRerolls | G1: BossRerollReward
A2: 5 | B2: 1 | C2: 0.05 | D2: 0.5 | E2: 5 | F2: 9 | G2: 1

Sheet LevelUpCard
A1: CardId | B1: NameKey | C1: DisplayName | D1: Description | E1: EffectType | F1: TargetStat | G1: Operation | H1: Value | I1: MaxStack | J1: SelectionWeight | K1: MinPlayerLevel | L1: RequiredCardId | M1: Rarity | N1: IconId | O1: Enabled
A2: CRIT_CHANCE_UP | B2: CARD_CRIT_NAME | C2: 치명타 강화 | D2: 치명타 확률이 5% 증가합니다. 최대 50%까지 적용됩니다. | E2: StatModifier | F2: CriticalChance | G2: Add | H2: 0.05 | I2: 5 | J2: 100 | K2: 1 | M2: 일반 | N2: ICON_CRIT | O2: TRUE
A3: MAX_HP_UP | B3: CARD_HP_NAME | C3: 체력 강화 | D3: 최대 체력과 현재 체력이 5 증가합니다. | E3: StatModifier | F3: MaxHp | G3: Add | H3: 5 | I3: 5 | J3: 100 | K3: 1 | M3: 일반 | N3: ICON_HP | O3: TRUE
A4: MOVE_SPEED_UP | B4: CARD_SPEED_NAME | C4: 이동 속도 강화 | D4: 이동 속도가 1 증가합니다. 최대 레벨에서는 목적지까지 약 0.15초에 이동합니다. | E4: StatModifier | F4: MoveSpeed | G4: Add | H4: 1 | I4: 5 | J4: 80 | K4: 2 | M4: 희귀 | N4: ICON_SPEED | O4: TRUE
A5: ATTACK_RANGE_UP | B5: CARD_RANGE_NAME | C5: 공격 범위 강화 | D5: 기본 공격 사거리가 0.15 증가합니다. | E5: StatModifier | F5: AttackRange | G5: Add | H5: 0.15 | I5: 3 | J5: 70 | K5: 3 | M5: 희귀 | N5: ICON_RANGE | O5: TRUE
A6: PIERCING_UP | B6: CARD_PIERCING_NAME | C6: 관통 | D6: 0.4초 판정창 동안 적 1명을 추가로 관통합니다. 반복 공격해도 판정창이 끝날 때까지 카드 레벨만큼만 추가 관통하며, 최대 5명입니다. | E6: UpgradeRank | F6: Piercing | G6: Add | H6: 1 | I6: 5 | J6: 90 | K6: 2 | M6: 일반 | N6: ICON_PIERCING | O6: TRUE
A7: SEVER_TRAIL | B7: CARD_SEVER_NAME | C7: 절단 | D7: 실제 관통 0.3초 뒤 관통 시작 위치부터 현재 위치까지 검은 절단선을 만듭니다. 선은 0.1초 동안 사라지며 재사용 대기시간은 0.1초, 피해는 공격력의 2배입니다. | E7: UpgradeRank | F7: Sever | G7: Add | H7: 2 | I7: 1 | J7: 45 | K7: 3 | L7: PIERCING_UP | M7: 영웅 | N7: ICON_SEVER | O7: TRUE
A8: HIT_HEAL | B8: CARD_HIT_HEAL_NAME | C8: 흡혈 | D8: 적을 처치할 때마다 5% 확률로 체력을 카드 레벨당 2 회복합니다. 1/2/3레벨 회복량은 2/4/6입니다. | E8: UpgradeRank | F8: HitHeal | G8: Add | H8: 2 | I8: 3 | J8: 55 | K8: 4 | M8: 희귀 | N8: ICON_HIT_HEAL | O8: TRUE
A9: STATIC_CHARGE | B9: CARD_STATIC_NAME | C9: 정전기 | D9: 공격 대상과 주변 적에게 공격력의 0.75배 피해를 줍니다. 레벨마다 주변 대상이 2명 증가합니다. | E9: UpgradeRank | F9: StaticCharge | G9: Add | H9: 0.75 | I9: 5 | J9: 60 | K9: 4 | M9: 희귀 | N9: ICON_STATIC | O9: TRUE
A10: MOVING_SLASH | B10: CARD_MOVING_SLASH_NAME | C10: 참격 | D10: 이동 시 초승달 검기를 생성합니다. 레벨마다 피해·크기·사거리·최대 타격 수가 증가합니다. 1~5레벨: 피해 1.8/2.15/2.5/2.85/3.2배, 크기 100/115/130/145/160%, 사거리 6/7.5/9/10.5/12, 최대 타격 2/3/4/5/6. | E10: UpgradeRank | F10: MovingSlash | G10: Add | H10: 1.8 | I10: 5 | J10: 65 | K10: 3 | M10: 희귀 | N10: ICON_MOVING_SLASH | O10: TRUE
A11: SHIELD_BYPASS | B11: CARD_SHIELD_BYPASS_NAME | C11: 방패 우회 | D11: 방패병 정면 공격 시 반동과 0.5초 조작 불가를 무시할 확률이 레벨마다 10% 증가합니다. | E11: UpgradeRank | F11: ShieldBypass | G11: Add | H11: 0.1 | I11: 3 | J11: 55 | K11: 3 | M11: 희귀 | N11: ICON_SHIELD_BYPASS | O11: TRUE
A12: FLYING_SWORD_COUNT | B12: CARD_FLYING_SWORD_COUNT_NAME | C12: 이기어검 수 증가 | D12: 플레이어가 적에게 피해를 주면 준비된 이기어검 1개가 무작위 적 Spawn 위치에서 날아갑니다. 레벨마다 검 1개가 활성화되며 검마다 0.3초 후 재충전됩니다. | E12: UpgradeRank | F12: FlyingSwordCount | G12: Add | H12: 1 | I12: 3 | J12: 60 | K12: 3 | M12: 희귀 | N12: ICON_FLYING_SWORD_COUNT | O12: TRUE
A13: FLYING_SWORD_HITS | B13: CARD_FLYING_SWORD_HITS_NAME | C13: 이기어검 타격 수 증가 | D13: 이기어검 한 자루가 타격할 수 있는 적이 1명 증가합니다. 기본 2명이며 최대 5명입니다. | E13: UpgradeRank | F13: FlyingSwordHitCount | G13: Add | H13: 1 | I13: 3 | J13: 50 | K13: 4 | L13: FLYING_SWORD_COUNT | M13: 희귀 | N13: ICON_FLYING_SWORD_HITS | O13: TRUE
A14: FILTH_THROW | B14: CARD_FILTH_THROW_NAME | C14: 오물 투척 | D14: 화면 안의 무작위 생존 적에게 오물 구체를 동시에 던집니다. 착탄 지점은 3초 동안 0.5초마다 피해를 주며, 레벨마다 투척 수·틱 피해·범위가 증가하고 재사용 대기시간이 감소합니다. 1~5레벨: 투척 수 1/2/3/4/5, 피해 0.35/0.45/0.55/0.65/0.75배, 반경 1.2/1.32/1.44/1.56/1.68, 재사용 6/5.5/5/4.5/4초. | E14: UpgradeRank | F14: FilthThrow | G14: Add | H14: 0.35 | I14: 5 | J14: 60 | K14: 3 | M14: 희귀 | N14: ICON_FILTH_THROW | O14: TRUE

Sheet WavePlan
A1: 60웨이브 / 10분 몬스터 밀도·체력 관문 계획
A3: 초반에는 스킬이 적으므로 5·8웨이브 관문을 약하게 시작하고, 카드가 누적되는 후반으로 갈수록 관문 증가폭을 크게 확대합니다. 관문 사이에서는 적 레벨 곡선만 적용되어 체력이 완만하게 증가합니다.
A5: 웨이브 | B5: 시작 초 | C5: 적 수 | D5: 근접·비행 | E5: 원거리 | F5: 방패 | G5: 보스 | H5: 웨이브 경험치 | I5: 누적 경험치 | J5: 예상 플레이어 레벨 | K5: 최소 적 레벨 | L5: 최대 적 레벨 | M5: 평균 적 레벨 | N5: 평균 레벨 차이 | O5: 체력 관문 배율 | P5: 일반 적 기준 체력 | Q5: 보스 기준 체력 | R5: 후면 평타 필요 타수 | S5: 후면 스킬 콤보 필요 횟수
A6: WAVE_01 | B6: 1 | C6: =COUNTIF(StageSpawn!$B$2:$B$3284,A6) -> 4 | D6: =COUNTIFS(StageSpawn!$B$2:$B$3284,A6,StageSpawn!$F$2:$F$3284,"GoblinMelee")+COUNTIFS(StageSpawn!$B$2:$B$3284,A6,StageSpawn!$F$2:$F$3284,"FlyingEye") -> 4 | E6: =COUNTIFS(StageSpawn!$B$2:$B$3284,A6,StageSpawn!$F$2:$F$3284,"GoblinRanged") -> 0 | F6: =COUNTIFS(StageSpawn!$B$2:$B$3284,A6,StageSpawn!$F$2:$F$3284,"ShieldSkeleton") -> 0 | G6: =COUNTIFS(StageSpawn!$B$2:$B$3284,A6,StageSpawn!$F$2:$F$3284,"GoblinBoss")+COUNTIFS(StageSpawn!$B$2:$B$3284,A6,StageSpawn!$F$2:$F$3284,"MushroomBoss")+COUNTIFS(StageSpawn!$B$2:$B$3284,A6,StageSpawn!$F$2:$F$3284,"FlyingEyeBoss")+COUNTIFS(StageSpawn!$B$2:$B$3284,A6,StageSpawn!$F$2:$F$3284,"SkeletonBoss") -> 0 | H6: =COUNTIFS(StageSpawn!$B$2:$B$3284,A6,StageSpawn!$F$2:$F$3284,"GoblinMelee")*EnemyBalance!$M$2+COUNTIFS(StageSpawn!$B$2:$B$3284,A6,StageSpawn!$F$2:$F$3284,"GoblinRanged")*EnemyBalance!$M$3+COUNTIFS(StageSpawn!$B$2:$B$3284,A6,StageSpawn!$F$2:$F$3284,"ShieldSkeleton")*EnemyBalance!$M$4+COUNTIFS(StageSpawn!$B$2:$B$3284,A6,StageSpawn!$F$2:$F$3284,"GoblinBoss")*EnemyBalance!$M$5+COUNTIFS(StageSpawn!$B$2:$B$3284,A6,StageSpawn!$F$2:$F$3284,"MushroomBoss")*EnemyBalance!$M$6+COUNTIFS(StageSpawn!$B$2:$B$3284,A6,StageSpawn!$F$2:$F$3284,"FlyingEye")*EnemyBalance!$M$7+COUNTIFS(StageSpawn!$B$2:$B$3284,A6,StageSpawn!$F$2:$F$3284,"FlyingEyeBoss")*EnemyBalance!$M$8+COUNTIFS(StageSpawn!$B$2:$B$3284,A6,StageSpawn!$F$2:$F$3284,"SkeletonBoss")*EnemyBalance!$M$9 -> 4 | I6: =SUM($H$6:H6) -> 4 | J6: 1 | K6: 1 | L6: 1 | M6: 1 | N6: 0 | O6: 1 | P6: 3 | Q6: 15 | R6: 1 | S6: 1
A7: WAVE_02 | B7: 11 | C7: =COUNTIF(StageSpawn!$B$2:$B$3284,A7) -> 5 | D7: =COUNTIFS(StageSpawn!$B$2:$B$3284,A7,StageSpawn!$F$2:$F$3284,"GoblinMelee")+COUNTIFS(StageSpawn!$B$2:$B$3284,A7,StageSpawn!$F$2:$F$3284,"FlyingEye") -> 5 | E7: =COUNTIFS(StageSpawn!$B$2:$B$3284,A7,StageSpawn!$F$2:$F$3284,"GoblinRanged") -> 0 | F7: =COUNTIFS(StageSpawn!$B$2:$B$3284,A7,StageSpawn!$F$2:$F$3284,"ShieldSkeleton") -> 0 | G7: =COUNTIFS(StageSpawn!$B$2:$B$3284,A7,StageSpawn!$F$2:$F$3284,"GoblinBoss")+COUNTIFS(StageSpawn!$B$2:$B$3284,A7,StageSpawn!$F$2:$F$3284,"MushroomBoss")+COUNTIFS(StageSpawn!$B$2:$B$3284,A7,StageSpawn!$F$2:$F$3284,"FlyingEyeBoss")+COUNTIFS(StageSpawn!$B$2:$B$3284,A7,StageSpawn!$F$2:$F$3284,"SkeletonBoss") -> 0 | H7: =COUNTIFS(StageSpawn!$B$2:$B$3284,A7,StageSpawn!$F$2:$F$3284,"GoblinMelee")*EnemyBalance!$M$2+COUNTIFS(StageSpawn!$B$2:$B$3284,A7,StageSpawn!$F$2:$F$3284,"GoblinRanged")*EnemyBalance!$M$3+COUNTIFS(StageSpawn!$B$2:$B$3284,A7,StageSpawn!$F$2:$F$3284,"ShieldSkeleton")*EnemyBalance!$M$4+COUNTIFS(StageSpawn!$B$2:$B$3284,A7,StageSpawn!$F$2:$F$3284,"GoblinBoss")*EnemyBalance!$M$5+COUNTIFS(StageSpawn!$B$2:$B$3284,A7,StageSpawn!$F$2:$F$3284,"MushroomBoss")*EnemyBalance!$M$6+COUNTIFS(StageSpawn!$B$2:$B$3284,A7,StageSpawn!$F$2:$F$3284,"FlyingEye")*EnemyBalance!$M$7+COUNTIFS(StageSpawn!$B$2:$B$3284,A7,StageSpawn!$F$2:$F$3284,"FlyingEyeBoss")*EnemyBalance!$M$8+COUNTIFS(StageSpawn!$B$2:$B$3284,A7,StageSpawn!$F$2:$F$3284,"SkeletonBoss")*EnemyBalance!$M$9 -> 5 | I7: =SUM($H$6:H7) -> 9 | J7: 2 | K7: 2 | L7: 2 | M7: 2 | N7: 0 | O7: 1 | P7: 4.003 | Q7: 19.012 | R7: 1 | S7: 1
A8: WAVE_03 | B8: 21 | C8: =COUNTIF(StageSpawn!$B$2:$B$3284,A8) -> 6 | D8: =COUNTIFS(StageSpawn!$B$2:$B$3284,A8,StageSpawn!$F$2:$F$3284,"GoblinMelee")+COUNTIFS(StageSpawn!$B$2:$B$3284,A8,StageSpawn!$F$2:$F$3284,"FlyingEye") -> 5 | E8: =COUNTIFS(StageSpawn!$B$2:$B$3284,A8,StageSpawn!$F$2:$F$3284,"GoblinRanged") -> 1 | F8: =COUNTIFS(StageSpawn!$B$2:$B$3284,A8,StageSpawn!$F$2:$F$3284,"ShieldSkeleton") -> 0 | G8: =COUNTIFS(StageSpawn!$B$2:$B$3284,A8,StageSpawn!$F$2:$F$3284,"GoblinBoss")+COUNTIFS(StageSpawn!$B$2:$B$3284,A8,StageSpawn!$F$2:$F$3284,"MushroomBoss")+COUNTIFS(StageSpawn!$B$2:$B$3284,A8,StageSpawn!$F$2:$F$3284,"FlyingEyeBoss")+COUNTIFS(StageSpawn!$B$2:$B$3284,A8,StageSpawn!$F$2:$F$3284,"SkeletonBoss") -> 0 | H8: =COUNTIFS(StageSpawn!$B$2:$B$3284,A8,StageSpawn!$F$2:$F$3284,"GoblinMelee")*EnemyBalance!$M$2+COUNTIFS(StageSpawn!$B$2:$B$3284,A8,StageSpawn!$F$2:$F$3284,"GoblinRanged")*EnemyBalance!$M$3+COUNTIFS(StageSpawn!$B$2:$B$3284,A8,StageSpawn!$F$2:$F$3284,"ShieldSkeleton")*EnemyBalance!$M$4+COUNTIFS(StageSpawn!$B$2:$B$3284,A8,StageSpawn!$F$2:$F$3284,"GoblinBoss")*EnemyBalance!$M$5+COUNTIFS(StageSpawn!$B$2:$B$3284,A8,StageSpawn!$F$2:$F$3284,"MushroomBoss")*EnemyBalance!$M$6+COUNTIFS(StageSpawn!$B$2:$B$3284,A8,StageSpawn!$F$2:$F$3284,"FlyingEye")*EnemyBalance!$M$7+COUNTIFS(StageSpawn!$B$2:$B$3284,A8,StageSpawn!$F$2:$F$3284,"FlyingEyeBoss")*EnemyBalance!$M$8+COUNTIFS(StageSpawn!$B$2:$B$3284,A8,StageSpawn!$F$2:$F$3284,"SkeletonBoss")*EnemyBalance!$M$9 -> 6 | I8: =SUM($H$6:H8) -> 15 | J8: 2 | K8: 2 | L8: 2 | M8: 2 | N8: 0 | O8: 1 | P8: 4.003 | Q8: 19.012 | R8: 1 | S8: 1
A9: WAVE_04 | B9: 31 | C9: =COUNTIF(StageSpawn!$B$2:$B$3284,A9) -> 7 | D9: =COUNTIFS(StageSpawn!$B$2:$B$3284,A9,StageSpawn!$F$2:$F$3284,"GoblinMelee")+COUNTIFS(StageSpawn!$B$2:$B$3284,A9,StageSpawn!$F$2:$F$3284,"FlyingEye") -> 6 | E9: =COUNTIFS(StageSpawn!$B$2:$B$3284,A9,StageSpawn!$F$2:$F$3284,"GoblinRanged") -> 1 | F9: =COUNTIFS(StageSpawn!$B$2:$B$3284,A9,StageSpawn!$F$2:$F$3284,"ShieldSkeleton") -> 0 | G9: =COUNTIFS(StageSpawn!$B$2:$B$3284,A9,StageSpawn!$F$2:$F$3284,"GoblinBoss")+COUNTIFS(StageSpawn!$B$2:$B$3284,A9,StageSpawn!$F$2:$F$3284,"MushroomBoss")+COUNTIFS(StageSpawn!$B$2:$B$3284,A9,StageSpawn!$F$2:$F$3284,"FlyingEyeBoss")+COUNTIFS(StageSpawn!$B$2:$B$3284,A9,StageSpawn!$F$2:$F$3284,"SkeletonBoss") -> 0 | H9: =COUNTIFS(StageSpawn!$B$2:$B$3284,A9,StageSpawn!$F$2:$F$3284,"GoblinMelee")*EnemyBalance!$M$2+COUNTIFS(StageSpawn!$B$2:$B$3284,A9,StageSpawn!$F$2:$F$3284,"GoblinRanged")*EnemyBalance!$M$3+COUNTIFS(StageSpawn!$B$2:$B$3284,A9,StageSpawn!$F$2:$F$3284,"ShieldSkeleton")*EnemyBalance!$M$4+COUNTIFS(StageSpawn!$B$2:$B$3284,A9,StageSpawn!$F$2:$F$3284,"GoblinBoss")*EnemyBalance!$M$5+COUNTIFS(StageSpawn!$B$2:$B$3284,A9,StageSpawn!$F$2:$F$3284,"MushroomBoss")*EnemyBalance!$M$6+COUNTIFS(StageSpawn!$B$2:$B$3284,A9,StageSpawn!$F$2:$F$3284,"FlyingEye")*EnemyBalance!$M$7+COUNTIFS(StageSpawn!$B$2:$B$3284,A9,StageSpawn!$F$2:$F$3284,"FlyingEyeBoss")*EnemyBalance!$M$8+COUNTIFS(StageSpawn!$B$2:$B$3284,A9,StageSpawn!$F$2:$F$3284,"SkeletonBoss")*EnemyBalance!$M$9 -> 7 | I9: =SUM($H$6:H9) -> 22 | J9: 3 | K9: 3 | L9: 4 | M9: 3.1 | N9: 0.1 | O9: 1 | P9: 4.553067 | Q9: 21.212268 | R9: 1 | S9: 1
A10: WAVE_05 | B10: 41 | C10: =COUNTIF(StageSpawn!$B$2:$B$3284,A10) -> 10 | D10: =COUNTIFS(StageSpawn!$B$2:$B$3284,A10,StageSpawn!$F$2:$F$3284,"GoblinMelee")+COUNTIFS(StageSpawn!$B$2:$B$3284,A10,StageSpawn!$F$2:$F$3284,"FlyingEye") -> 7 | E10: =COUNTIFS(StageSpawn!$B$2:$B$3284,A10,StageSpawn!$F$2:$F$3284,"GoblinRanged") -> 2 | F10: =COUNTIFS(StageSpawn!$B$2:$B$3284,A10,StageSpawn!$F$2:$F$3284,"ShieldSkeleton") -> 1 | G10: =COUNTIFS(StageSpawn!$B$2:$B$3284,A10,StageSpawn!$F$2:$F$3284,"GoblinBoss")+COUNTIFS(StageSpawn!$B$2:$B$3284,A10,StageSpawn!$F$2:$F$3284,"MushroomBoss")+COUNTIFS(StageSpawn!$B$2:$B$3284,A10,StageSpawn!$F$2:$F$3284,"FlyingEyeBoss")+COUNTIFS(StageSpawn!$B$2:$B$3284,A10,StageSpawn!$F$2:$F$3284,"SkeletonBoss") -> 0 | H10: =COUNTIFS(StageSpawn!$B$2:$B$3284,A10,StageSpawn!$F$2:$F$3284,"GoblinMelee")*EnemyBalance!$M$2+COUNTIFS(StageSpawn!$B$2:$B$3284,A10,StageSpawn!$F$2:$F$3284,"GoblinRanged")*EnemyBalance!$M$3+COUNTIFS(StageSpawn!$B$2:$B$3284,A10,StageSpawn!$F$2:$F$3284,"ShieldSkeleton")*EnemyBalance!$M$4+COUNTIFS(StageSpawn!$B$2:$B$3284,A10,StageSpawn!$F$2:$F$3284,"GoblinBoss")*EnemyBalance!$M$5+COUNTIFS(StageSpawn!$B$2:$B$3284,A10,StageSpawn!$F$2:$F$3284,"MushroomBoss")*EnemyBalance!$M$6+COUNTIFS(StageSpawn!$B$2:$B$3284,A10,StageSpawn!$F$2:$F$3284,"FlyingEye")*EnemyBalance!$M$7+COUNTIFS(StageSpawn!$B$2:$B$3284,A10,StageSpawn!$F$2:$F$3284,"FlyingEyeBoss")*EnemyBalance!$M$8+COUNTIFS(StageSpawn!$B$2:$B$3284,A10,StageSpawn!$F$2:$F$3284,"SkeletonBoss")*EnemyBalance!$M$9 -> 11 | I10: =SUM($H$6:H10) -> 33 | J10: 4 | K10: 4 | L10: 5 | M10: 4.1 | N10: 0.1 | O10: 1.2 | P10: 5.9650553 | Q10: 27.460221 | R10: 1 | S10: 1
A11: WAVE_06 | B11: 51 | C11: =COUNTIF(StageSpawn!$B$2:$B$3284,A11) -> 11 | D11: =COUNTIFS(StageSpawn!$B$2:$B$3284,A11,StageSpawn!$F$2:$F$3284,"GoblinMelee")+COUNTIFS(StageSpawn!$B$2:$B$3284,A11,StageSpawn!$F$2:$F$3284,"FlyingEye") -> 8 | E11: =COUNTIFS(StageSpawn!$B$2:$B$3284,A11,StageSpawn!$F$2:$F$3284,"GoblinRanged") -> 2 | F11: =COUNTIFS(StageSpawn!$B$2:$B$3284,A11,StageSpawn!$F$2:$F$3284,"ShieldSkeleton") -> 1 | G11: =COUNTIFS(StageSpawn!$B$2:$B$3284,A11,StageSpawn!$F$2:$F$3284,"GoblinBoss")+COUNTIFS(StageSpawn!$B$2:$B$3284,A11,StageSpawn!$F$2:$F$3284,"MushroomBoss")+COUNTIFS(StageSpawn!$B$2:$B$3284,A11,StageSpawn!$F$2:$F$3284,"FlyingEyeBoss")+COUNTIFS(StageSpawn!$B$2:$B$3284,A11,StageSpawn!$F$2:$F$3284,"SkeletonBoss") -> 0 | H11: =COUNTIFS(StageSpawn!$B$2:$B$3284,A11,StageSpawn!$F$2:$F$3284,"GoblinMelee")*EnemyBalance!$M$2+COUNTIFS(StageSpawn!$B$2:$B$3284,A11,StageSpawn!$F$2:$F$3284,"GoblinRanged")*EnemyBalance!$M$3+COUNTIFS(StageSpawn!$B$2:$B$3284,A11,StageSpawn!$F$2:$F$3284,"ShieldSkeleton")*EnemyBalance!$M$4+COUNTIFS(StageSpawn!$B$2:$B$3284,A11,StageSpawn!$F$2:$F$3284,"GoblinBoss")*EnemyBalance!$M$5+COUNTIFS(StageSpawn!$B$2:$B$3284,A11,StageSpawn!$F$2:$F$3284,"MushroomBoss")*EnemyBalance!$M$6+COUNTIFS(StageSpawn!$B$2:$B$3284,A11,StageSpawn!$F$2:$F$3284,"FlyingEye")*EnemyBalance!$M$7+COUNTIFS(StageSpawn!$B$2:$B$3284,A11,StageSpawn!$F$2:$F$3284,"FlyingEyeBoss")*EnemyBalance!$M$8+COUNTIFS(StageSpawn!$B$2:$B$3284,A11,StageSpawn!$F$2:$F$3284,"SkeletonBoss")*EnemyBalance!$M$9 -> 12 | I11: =SUM($H$6:H11) -> 45 | J11: 5 | K11: 5 | L11: 6 | M11: 5.2 | N11: 0.2 | O11: 1.2 | P11: 6.461498 | Q11: 29.445992 | R11: 1 | S11: 1
A12: WAVE_07 | B12: 61 | C12: =COUNTIF(StageSpawn!$B$2:$B$3284,A12) -> 12 | D12: =COUNTIFS(StageSpawn!$B$2:$B$3284,A12,StageSpawn!$F$2:$F$3284,"GoblinMelee")+COUNTIFS(StageSpawn!$B$2:$B$3284,A12,StageSpawn!$F$2:$F$3284,"FlyingEye") -> 9 | E12: =COUNTIFS(StageSpawn!$B$2:$B$3284,A12,StageSpawn!$F$2:$F$3284,"GoblinRanged") -> 2 | F12: =COUNTIFS(StageSpawn!$B$2:$B$3284,A12,StageSpawn!$F$2:$F$3284,"ShieldSkeleton") -> 1 | G12: =COUNTIFS(StageSpawn!$B$2:$B$3284,A12,StageSpawn!$F$2:$F$3284,"GoblinBoss")+COUNTIFS(StageSpawn!$B$2:$B$3284,A12,StageSpawn!$F$2:$F$3284,"MushroomBoss")+COUNTIFS(StageSpawn!$B$2:$B$3284,A12,StageSpawn!$F$2:$F$3284,"FlyingEyeBoss")+COUNTIFS(StageSpawn!$B$2:$B$3284,A12,StageSpawn!$F$2:$F$3284,"SkeletonBoss") -> 0 | H12: =COUNTIFS(StageSpawn!$B$2:$B$3284,A12,StageSpawn!$F$2:$F$3284,"GoblinMelee")*EnemyBalance!$M$2+COUNTIFS(StageSpawn!$B$2:$B$3284,A12,StageSpawn!$F$2:$F$3284,"GoblinRanged")*EnemyBalance!$M$3+COUNTIFS(StageSpawn!$B$2:$B$3284,A12,StageSpawn!$F$2:$F$3284,"ShieldSkeleton")*EnemyBalance!$M$4+COUNTIFS(StageSpawn!$B$2:$B$3284,A12,StageSpawn!$F$2:$F$3284,"GoblinBoss")*EnemyBalance!$M$5+COUNTIFS(StageSpawn!$B$2:$B$3284,A12,StageSpawn!$F$2:$F$3284,"MushroomBoss")*EnemyBalance!$M$6+COUNTIFS(StageSpawn!$B$2:$B$3284,A12,StageSpawn!$F$2:$F$3284,"FlyingEye")*EnemyBalance!$M$7+COUNTIFS(StageSpawn!$B$2:$B$3284,A12,StageSpawn!$F$2:$F$3284,"FlyingEyeBoss")*EnemyBalance!$M$8+COUNTIFS(StageSpawn!$B$2:$B$3284,A12,StageSpawn!$F$2:$F$3284,"SkeletonBoss")*EnemyBalance!$M$9 -> 13 | I12: =SUM($H$6:H12) -> 58 | J12: 5 | K12: 5 | L12: 6 | M12: 5.2 | N12: 0.2 | O12: 1.2 | P12: 6.461498 | Q12: 29.445992 | R12: 1 | S12: 1
A13: WAVE_08 | B13: 71 | C13: =COUNTIF(StageSpawn!$B$2:$B$3284,A13) -> 13 | D13: =COUNTIFS(StageSpawn!$B$2:$B$3284,A13,StageSpawn!$F$2:$F$3284,"GoblinMelee")+COUNTIFS(StageSpawn!$B$2:$B$3284,A13,StageSpawn!$F$2:$F$3284,"FlyingEye") -> 9 | E13: =COUNTIFS(StageSpawn!$B$2:$B$3284,A13,StageSpawn!$F$2:$F$3284,"GoblinRanged") -> 3 | F13: =COUNTIFS(StageSpawn!$B$2:$B$3284,A13,StageSpawn!$F$2:$F$3284,"ShieldSkeleton") -> 1 | G13: =COUNTIFS(StageSpawn!$B$2:$B$3284,A13,StageSpawn!$F$2:$F$3284,"GoblinBoss")+COUNTIFS(StageSpawn!$B$2:$B$3284,A13,StageSpawn!$F$2:$F$3284,"MushroomBoss")+COUNTIFS(StageSpawn!$B$2:$B$3284,A13,StageSpawn!$F$2:$F$3284,"FlyingEyeBoss")+COUNTIFS(StageSpawn!$B$2:$B$3284,A13,StageSpawn!$F$2:$F$3284,"SkeletonBoss") -> 0 | H13: =COUNTIFS(StageSpawn!$B$2:$B$3284,A13,StageSpawn!$F$2:$F$3284,"GoblinMelee")*EnemyBalance!$M$2+COUNTIFS(StageSpawn!$B$2:$B$3284,A13,StageSpawn!$F$2:$F$3284,"GoblinRanged")*EnemyBalance!$M$3+COUNTIFS(StageSpawn!$B$2:$B$3284,A13,StageSpawn!$F$2:$F$3284,"ShieldSkeleton")*EnemyBalance!$M$4+COUNTIFS(StageSpawn!$B$2:$B$3284,A13,StageSpawn!$F$2:$F$3284,"GoblinBoss")*EnemyBalance!$M$5+COUNTIFS(StageSpawn!$B$2:$B$3284,A13,StageSpawn!$F$2:$F$3284,"MushroomBoss")*EnemyBalance!$M$6+COUNTIFS(StageSpawn!$B$2:$B$3284,A13,StageSpawn!$F$2:$F$3284,"FlyingEye")*EnemyBalance!$M$7+COUNTIFS(StageSpawn!$B$2:$B$3284,A13,StageSpawn!$F$2:$F$3284,"FlyingEyeBoss")*EnemyBalance!$M$8+COUNTIFS(StageSpawn!$B$2:$B$3284,A13,StageSpawn!$F$2:$F$3284,"SkeletonBoss")*EnemyBalance!$M$9 -> 14 | I13: =SUM($H$6:H13) -> 72 | J13: 6 | K13: 6 | L13: 7 | M13: 6.2 | N13: 0.2 | O13: 1.5 | P13: 8.6008473 | Q13: 38.903389 | R13: 1 | S13: 1
A14: WAVE_09 | B14: 81 | C14: =COUNTIF(StageSpawn!$B$2:$B$3284,A14) -> 15 | D14: =COUNTIFS(StageSpawn!$B$2:$B$3284,A14,StageSpawn!$F$2:$F$3284,"GoblinMelee")+COUNTIFS(StageSpawn!$B$2:$B$3284,A14,StageSpawn!$F$2:$F$3284,"FlyingEye") -> 11 | E14: =COUNTIFS(StageSpawn!$B$2:$B$3284,A14,StageSpawn!$F$2:$F$3284,"GoblinRanged") -> 3 | F14: =COUNTIFS(StageSpawn!$B$2:$B$3284,A14,StageSpawn!$F$2:$F$3284,"ShieldSkeleton") -> 1 | G14: =COUNTIFS(StageSpawn!$B$2:$B$3284,A14,StageSpawn!$F$2:$F$3284,"GoblinBoss")+COUNTIFS(StageSpawn!$B$2:$B$3284,A14,StageSpawn!$F$2:$F$3284,"MushroomBoss")+COUNTIFS(StageSpawn!$B$2:$B$3284,A14,StageSpawn!$F$2:$F$3284,"FlyingEyeBoss")+COUNTIFS(StageSpawn!$B$2:$B$3284,A14,StageSpawn!$F$2:$F$3284,"SkeletonBoss") -> 0 | H14: =COUNTIFS(StageSpawn!$B$2:$B$3284,A14,StageSpawn!$F$2:$F$3284,"GoblinMelee")*EnemyBalance!$M$2+COUNTIFS(StageSpawn!$B$2:$B$3284,A14,StageSpawn!$F$2:$F$3284,"GoblinRanged")*EnemyBalance!$M$3+COUNTIFS(StageSpawn!$B$2:$B$3284,A14,StageSpawn!$F$2:$F$3284,"ShieldSkeleton")*EnemyBalance!$M$4+COUNTIFS(StageSpawn!$B$2:$B$3284,A14,StageSpawn!$F$2:$F$3284,"GoblinBoss")*EnemyBalance!$M$5+COUNTIFS(StageSpawn!$B$2:$B$3284,A14,StageSpawn!$F$2:$F$3284,"MushroomBoss")*EnemyBalance!$M$6+COUNTIFS(StageSpawn!$B$2:$B$3284,A14,StageSpawn!$F$2:$F$3284,"FlyingEye")*EnemyBalance!$M$7+COUNTIFS(StageSpawn!$B$2:$B$3284,A14,StageSpawn!$F$2:$F$3284,"FlyingEyeBoss")*EnemyBalance!$M$8+COUNTIFS(StageSpawn!$B$2:$B$3284,A14,StageSpawn!$F$2:$F$3284,"SkeletonBoss")*EnemyBalance!$M$9 -> 16 | I14: =SUM($H$6:H14) -> 88 | J14: 7 | K14: 7 | L14: 8 | M14: 7.3 | N14: 0.3 | O14: 1.5 | P14: 9.1460746 | Q14: 41.084298 | R14: 1 | S14: 1
A15: WAVE_10 | B15: 91 | C15: =COUNTIF(StageSpawn!$B$2:$B$3284,A15) -> 16 | D15: =COUNTIFS(StageSpawn!$B$2:$B$3284,A15,StageSpawn!$F$2:$F$3284,"GoblinMelee")+COUNTIFS(StageSpawn!$B$2:$B$3284,A15,StageSpawn!$F$2:$F$3284,"FlyingEye") -> 12 | E15: =COUNTIFS(StageSpawn!$B$2:$B$3284,A15,StageSpawn!$F$2:$F$3284,"GoblinRanged") -> 3 | F15: =COUNTIFS(StageSpawn!$B$2:$B$3284,A15,StageSpawn!$F$2:$F$3284,"ShieldSkeleton") -> 1 | G15: =COUNTIFS(StageSpawn!$B$2:$B$3284,A15,StageSpawn!$F$2:$F$3284,"GoblinBoss")+COUNTIFS(StageSpawn!$B$2:$B$3284,A15,StageSpawn!$F$2:$F$3284,"MushroomBoss")+COUNTIFS(StageSpawn!$B$2:$B$3284,A15,StageSpawn!$F$2:$F$3284,"FlyingEyeBoss")+COUNTIFS(StageSpawn!$B$2:$B$3284,A15,StageSpawn!$F$2:$F$3284,"SkeletonBoss") -> 0 | H15: =COUNTIFS(StageSpawn!$B$2:$B$3284,A15,StageSpawn!$F$2:$F$3284,"GoblinMelee")*EnemyBalance!$M$2+COUNTIFS(StageSpawn!$B$2:$B$3284,A15,StageSpawn!$F$2:$F$3284,"GoblinRanged")*EnemyBalance!$M$3+COUNTIFS(StageSpawn!$B$2:$B$3284,A15,StageSpawn!$F$2:$F$3284,"ShieldSkeleton")*EnemyBalance!$M$4+COUNTIFS(StageSpawn!$B$2:$B$3284,A15,StageSpawn!$F$2:$F$3284,"GoblinBoss")*EnemyBalance!$M$5+COUNTIFS(StageSpawn!$B$2:$B$3284,A15,StageSpawn!$F$2:$F$3284,"MushroomBoss")*EnemyBalance!$M$6+COUNTIFS(StageSpawn!$B$2:$B$3284,A15,StageSpawn!$F$2:$F$3284,"FlyingEye")*EnemyBalance!$M$7+COUNTIFS(StageSpawn!$B$2:$B$3284,A15,StageSpawn!$F$2:$F$3284,"FlyingEyeBoss")*EnemyBalance!$M$8+COUNTIFS(StageSpawn!$B$2:$B$3284,A15,StageSpawn!$F$2:$F$3284,"SkeletonBoss")*EnemyBalance!$M$9 -> 17 | I15: =SUM($H$6:H15) -> 105 | J15: 8 | K15: 8 | L15: 9 | M15: 8.3 | N15: 0.3 | O15: 1.5 | P15: 9.6202103 | Q15: 42.980841 | R15: 1 | S15: 1
A16: WAVE_11 | B16: 101 | C16: =COUNTIF(StageSpawn!$B$2:$B$3284,A16) -> 17 | D16: =COUNTIFS(StageSpawn!$B$2:$B$3284,A16,StageSpawn!$F$2:$F$3284,"GoblinMelee")+COUNTIFS(StageSpawn!$B$2:$B$3284,A16,StageSpawn!$F$2:$F$3284,"FlyingEye") -> 13 | E16: =COUNTIFS(StageSpawn!$B$2:$B$3284,A16,StageSpawn!$F$2:$F$3284,"GoblinRanged") -> 3 | F16: =COUNTIFS(StageSpawn!$B$2:$B$3284,A16,StageSpawn!$F$2:$F$3284,"ShieldSkeleton") -> 1 | G16: =COUNTIFS(StageSpawn!$B$2:$B$3284,A16,StageSpawn!$F$2:$F$3284,"GoblinBoss")+COUNTIFS(StageSpawn!$B$2:$B$3284,A16,StageSpawn!$F$2:$F$3284,"MushroomBoss")+COUNTIFS(StageSpawn!$B$2:$B$3284,A16,StageSpawn!$F$2:$F$3284,"FlyingEyeBoss")+COUNTIFS(StageSpawn!$B$2:$B$3284,A16,StageSpawn!$F$2:$F$3284,"SkeletonBoss") -> 0 | H16: =COUNTIFS(StageSpawn!$B$2:$B$3284,A16,StageSpawn!$F$2:$F$3284,"GoblinMelee")*EnemyBalance!$M$2+COUNTIFS(StageSpawn!$B$2:$B$3284,A16,StageSpawn!$F$2:$F$3284,"GoblinRanged")*EnemyBalance!$M$3+COUNTIFS(StageSpawn!$B$2:$B$3284,A16,StageSpawn!$F$2:$F$3284,"ShieldSkeleton")*EnemyBalance!$M$4+COUNTIFS(StageSpawn!$B$2:$B$3284,A16,StageSpawn!$F$2:$F$3284,"GoblinBoss")*EnemyBalance!$M$5+COUNTIFS(StageSpawn!$B$2:$B$3284,A16,StageSpawn!$F$2:$F$3284,"MushroomBoss")*EnemyBalance!$M$6+COUNTIFS(StageSpawn!$B$2:$B$3284,A16,StageSpawn!$F$2:$F$3284,"FlyingEye")*EnemyBalance!$M$7+COUNTIFS(StageSpawn!$B$2:$B$3284,A16,StageSpawn!$F$2:$F$3284,"FlyingEyeBoss")*EnemyBalance!$M$8+COUNTIFS(StageSpawn!$B$2:$B$3284,A16,StageSpawn!$F$2:$F$3284,"SkeletonBoss")*EnemyBalance!$M$9 -> 18 | I16: =SUM($H$6:H16) -> 123 | J16: 9 | K16: 9 | L16: 10 | M16: 9.4 | N16: 0.4 | O16: 1.5 | P16: 10.123101 | Q16: 44.992404 | R16: 1 | S16: 1
A17: WAVE_12 | B17: 111 | C17: =COUNTIF(StageSpawn!$B$2:$B$3284,A17) -> 19 | D17: =COUNTIFS(StageSpawn!$B$2:$B$3284,A17,StageSpawn!$F$2:$F$3284,"GoblinMelee")+COUNTIFS(StageSpawn!$B$2:$B$3284,A17,StageSpawn!$F$2:$F$3284,"FlyingEye") -> 13 | E17: =COUNTIFS(StageSpawn!$B$2:$B$3284,A17,StageSpawn!$F$2:$F$3284,"GoblinRanged") -> 4 | F17: =COUNTIFS(StageSpawn!$B$2:$B$3284,A17,StageSpawn!$F$2:$F$3284,"ShieldSkeleton") -> 1 | G17: =COUNTIFS(StageSpawn!$B$2:$B$3284,A17,StageSpawn!$F$2:$F$3284,"GoblinBoss")+COUNTIFS(StageSpawn!$B$2:$B$3284,A17,StageSpawn!$F$2:$F$3284,"MushroomBoss")+COUNTIFS(StageSpawn!$B$2:$B$3284,A17,StageSpawn!$F$2:$F$3284,"FlyingEyeBoss")+COUNTIFS(StageSpawn!$B$2:$B$3284,A17,StageSpawn!$F$2:$F$3284,"SkeletonBoss") -> 1 | H17: =COUNTIFS(StageSpawn!$B$2:$B$3284,A17,StageSpawn!$F$2:$F$3284,"GoblinMelee")*EnemyBalance!$M$2+COUNTIFS(StageSpawn!$B$2:$B$3284,A17,StageSpawn!$F$2:$F$3284,"GoblinRanged")*EnemyBalance!$M$3+COUNTIFS(StageSpawn!$B$2:$B$3284,A17,StageSpawn!$F$2:$F$3284,"ShieldSkeleton")*EnemyBalance!$M$4+COUNTIFS(StageSpawn!$B$2:$B$3284,A17,StageSpawn!$F$2:$F$3284,"GoblinBoss")*EnemyBalance!$M$5+COUNTIFS(StageSpawn!$B$2:$B$3284,A17,StageSpawn!$F$2:$F$3284,"MushroomBoss")*EnemyBalance!$M$6+COUNTIFS(StageSpawn!$B$2:$B$3284,A17,StageSpawn!$F$2:$F$3284,"FlyingEye")*EnemyBalance!$M$7+COUNTIFS(StageSpawn!$B$2:$B$3284,A17,StageSpawn!$F$2:$F$3284,"FlyingEyeBoss")*EnemyBalance!$M$8+COUNTIFS(StageSpawn!$B$2:$B$3284,A17,StageSpawn!$F$2:$F$3284,"SkeletonBoss")*EnemyBalance!$M$9 -> 27 | I17: =SUM($H$6:H17) -> 150 | J17: 10 | K17: 10 | L17: 11 | M17: 10.4 | N17: 0.4 | O17: 1.9 | P17: 13.384076 | Q17: 59.236305 | R17: 2 | S17: 1
... A65: WAVE_60 | B65: 591 | C65: =COUNTIF(StageSpawn!$B$2:$B$3284,A65) -> 124 | D65: =COUNTIFS(StageSpawn!$B$2:$B$3284,A65,StageSpawn!$F$2:$F$3284,"GoblinMelee")+COUNTIFS(StageSpawn!$B$2:$B$3284,A65,StageSpawn!$F$2:$F$3284,"FlyingEye") -> 68 | E65: =COUNTIFS(StageSpawn!$B$2:$B$3284,A65,StageSpawn!$F$2:$F$3284,"GoblinRanged") -> 37 | F65: =COUNTIFS(StageSpawn!$B$2:$B$3284,A65,StageSpawn!$F$2:$F$3284,"ShieldSkeleton") -> 18 | G65: =COUNTIFS(StageSpawn!$B$2:$B$3284,A65,StageSpawn!$F$2:$F$3284,"GoblinBoss")+COUNTIFS(StageSpawn!$B$2:$B$3284,A65,StageSpawn!$F$2:$F$3284,"MushroomBoss")+COUNTIFS(StageSpawn!$B$2:$B$3284,A65,StageSpawn!$F$2:$F$3284,"FlyingEyeBoss")+COUNTIFS(StageSpawn!$B$2:$B$3284,A65,StageSpawn!$F$2:$F$3284,"SkeletonBoss") -> 1 | H65: =COUNTIFS(StageSpawn!$B$2:$B$3284,A65,StageSpawn!$F$2:$F$3284,"GoblinMelee")*EnemyBalance!$M$2+COUNTIFS(StageSpawn!$B$2:$B$3284,A65,StageSpawn!$F$2:$F$3284,"GoblinRanged")*EnemyBalance!$M$3+COUNTIFS(StageSpawn!$B$2:$B$3284,A65,StageSpawn!$F$2:$F$3284,"ShieldSkeleton")*EnemyBalance!$M$4+COUNTIFS(StageSpawn!$B$2:$B$3284,A65,StageSpawn!$F$2:$F$3284,"GoblinBoss")*EnemyBalance!$M$5+COUNTIFS(StageSpawn!$B$2:$B$3284,A65,StageSpawn!$F$2:$F$3284,"MushroomBoss")*EnemyBalance!$M$6+COUNTIFS(StageSpawn!$B$2:$B$3284,A65,StageSpawn!$F$2:$F$3284,"FlyingEye")*EnemyBalance!$M$7+COUNTIFS(StageSpawn!$B$2:$B$3284,A65,StageSpawn!$F$2:$F$3284,"FlyingEyeBoss")*EnemyBalance!$M$8+COUNTIFS(StageSpawn!$B$2:$B$3284,A65,StageSpawn!$F$2:$F$3284,"SkeletonBoss")*EnemyBalance!$M$9 -> 164 | I65: =SUM($H$6:H65) -> 3898 | J65: 50 | K65: 52 | L65: 52 | M65: 52 | N65: 2 | O65: 9.5 | P65: 160.29553 | Q65: 669.68214 | R65: 5 | S65: 2

Sheet CardMath
A1: 카드 수식과 레벨별 효과
A3: 입력 | B3: 값
A4: 정전기 피해 배율 | B4: 0.75
A5: 절단 추가 피해 배율 | B5: 2
A6: 흡혈 레벨당 회복량 | B6: 2
A7: 회복 확률 | B7: 0.05
A8: 방패 우회 레벨당 확률 | B8: 0.1
A9: 카드 레벨 | B9: 추가 관통 | C9: 절단 추가 피해 | D9: 기본+절단 | E9: 정전기 주변 대상 | F9: 정전기 주 대상 총배율 | G9: 정전기 주변 피해 | H9: 흡혈 처치당 기대 회복(최대 3레벨) | I9: 이동 참격 확률 | J9: 이동 참격 최대 적중 | K9: 이동 참격 크기 | L9: 이동 참격 후면 피해 | M9: 방패 우회 확률 | N9: 오물 틱 피해 | O9: 오물 반경 | P9: 오물 재사용 | Q9: 오물 투척 수
A10: 1 | B10: =A10 -> 1 | C10: =$B$5 -> 2 | D10: =1+C10 -> 3 | E10: =2*A10+1 -> 3 | F10: =1+$B$4 -> 1.75 | G10: =$B$4 -> 0.75 | H10: =MIN(3,A10)*$B$6*$B$7 -> 0.1 | I10: =10%+3%*(A10-1) -> 0.1 | J10: =A10+1 -> 2 | K10: =100%+15%*(A10-1) -> 1 | L10: =(LevelUpCard!H10+0.35*(A10-1))*3 -> 5.4 | M10: =MIN(3,A10)*$B$8 -> 0.1 | N10: =LevelUpCard!$H$14+10%*(A10-1) -> 0.35 | O10: =1.2*(1+10%*(A10-1)) -> 1.2 | P10: =6-0.5*(A10-1) -> 6 | Q10: =A10 -> 1
A11: 2 | B11: =A11 -> 2 | C11: =$B$5 -> 2 | D11: =1+C11 -> 3 | E11: =2*A11+1 -> 5 | F11: =1+$B$4 -> 1.75 | G11: =$B$4 -> 0.75 | H11: =MIN(3,A11)*$B$6*$B$7 -> 0.2 | I11: =10%+3%*(A11-1) -> 0.13 | J11: =A11+1 -> 3 | K11: =100%+15%*(A11-1) -> 1.15 | L11: =(LevelUpCard!H10+0.35*(A11-1))*3 -> 6.45 | M11: =MIN(3,A11)*$B$8 -> 0.2 | N11: =LevelUpCard!$H$14+10%*(A11-1) -> 0.45 | O11: =1.2*(1+10%*(A11-1)) -> 1.32 | P11: =6-0.5*(A11-1) -> 5.5 | Q11: =A11 -> 2
A12: 3 | B12: =A12 -> 3 | C12: =$B$5 -> 2 | D12: =1+C12 -> 3 | E12: =2*A12+1 -> 7 | F12: =1+$B$4 -> 1.75 | G12: =$B$4 -> 0.75 | H12: =MIN(3,A12)*$B$6*$B$7 -> 0.3 | I12: =10%+3%*(A12-1) -> 0.16 | J12: =A12+1 -> 4 | K12: =100%+15%*(A12-1) -> 1.3 | L12: =(LevelUpCard!H10+0.35*(A12-1))*3 -> 7.5 | M12: =MIN(3,A12)*$B$8 -> 0.3 | N12: =LevelUpCard!$H$14+10%*(A12-1) -> 0.55 | O12: =1.2*(1+10%*(A12-1)) -> 1.44 | P12: =6-0.5*(A12-1) -> 5 | Q12: =A12 -> 3
A13: 4 | B13: =A13 -> 4 | C13: =$B$5 -> 2 | D13: =1+C13 -> 3 | E13: =2*A13+1 -> 9 | F13: =1+$B$4 -> 1.75 | G13: =$B$4 -> 0.75 | H13: =MIN(3,A13)*$B$6*$B$7 -> 0.3 | I13: =10%+3%*(A13-1) -> 0.19 | J13: =A13+1 -> 5 | K13: =100%+15%*(A13-1) -> 1.45 | L13: =(LevelUpCard!H10+0.35*(A13-1))*3 -> 8.55 | M13: =MIN(3,A13)*$B$8 -> 0.3 | N13: =LevelUpCard!$H$14+10%*(A13-1) -> 0.65 | O13: =1.2*(1+10%*(A13-1)) -> 1.56 | P13: =6-0.5*(A13-1) -> 4.5 | Q13: =A13 -> 4
A14: 5 | B14: =A14 -> 5 | C14: =$B$5 -> 2 | D14: =1+C14 -> 3 | E14: =2*A14+1 -> 11 | F14: =1+$B$4 -> 1.75 | G14: =$B$4 -> 0.75 | H14: =MIN(3,A14)*$B$6*$B$7 -> 0.3 | I14: =10%+3%*(A14-1) -> 0.22 | J14: =A14+1 -> 6 | K14: =100%+15%*(A14-1) -> 1.6 | L14: =(LevelUpCard!H10+0.35*(A14-1))*3 -> 9.6 | M14: =MIN(3,A14)*$B$8 -> 0.3 | N14: =LevelUpCard!$H$14+10%*(A14-1) -> 0.75 | O14: =1.2*(1+10%*(A14-1)) -> 1.68 | P14: =6-0.5*(A14-1) -> 4 | Q14: =A14 -> 5
A16: 관통: 0.4초 판정창에서 추가 관통 누적 C≤L. 절단: 실제 관통 0.3초 뒤 선분에 2A_side 피해. 흡혈: 처치 시 5%, 회복 2L. 이동 참격: p=10%+3%(L-1), H=L+1, S=1+15%(L-1), D=6+1.5(L-1), M=1.8+0.35(L-1). 방패 우회: 정면 반동에만 10%×L. 오물 투척: 화면 안 무작위 생존 적 대상, 투척 수 T=L(최대 5, 한 쿨다운에 동시 투척), 틱 M=0.35+0.1(L-1), 반경 R=1.2×[1+10%(L-1)], 재사용 C=6-0.5(L-1), 장판당 0.5초 간격 총 6틱.

Sheet BalanceSummary
A1: SimpleGame 10분 밸런스 요약
A3: 핵심 지표 | B3: 값 | D3: 핵심 수학 모델 | G3: 3차 핵심 규칙 | H3: 설계값
A4: 플레이 시간(초) | B4: =600 -> 600 | D4: 플레이어 공격력 | E4: A(P)=기본 공격력+성장률×(√(P-1)+0.18(P-1)) | G4: 보스 순서 | H4: 고블린→머쉬룸→플라잉 아이→스켈레톤
A5: 총 스폰 수 | B5: =COUNTA(StageSpawn!$A$2:$A$3284) -> 3283 | D5: 적 체력 | E5: H(E,W)=[기본 체력+성장률×(√n+0.18n)]×G(W) | G5: 보스 패턴 | H5: Attack1/Attack2 확정 교대
A6: 총 획득 가능 경험치 | B6: =MAX(WavePlan!$I$6:$I$65) -> 3898 | D6: 적 공격력 | E6: D(E)=min(8,ceil(기본 피해+0.45√(E-1))) | G6: 비행형 겹침 | H6: Flying Eye 일반·보스 모두 허용
A7: 예상 최종 플레이어 레벨 | B7: =MAX(WavePlan!$J$6:$J$65) -> 50 | D7: 필요 경험치 | E7: R(L)=6+2L+floor(0.025(L-1)^2), 50레벨=0 | G7: 오물 투척 | H7: 무작위 적 / 6틱 / 반경 1.2~1.68
A8: 획득 가능한 카드 레벨 합계 | B8: =43 -> 43 | D8: 10분 적 수 | E8: 1~4웨이브 4·5·6·7, 이후 9+1.05n+0.018n²
A9: 최대 평균 레벨 차이 | B9: =MAX(WavePlan!$N$6:$N$65) -> 2 | D9: 관통 | E9: 0.4초 판정창 내 추가 관통 누적 C≤카드 레벨 L
A10: 보스 수 | B10: =COUNTIF(StageSpawn!$F$2:$F$3284,"GoblinBoss")+COUNTIF(StageSpawn!$F$2:$F$3284,"MushroomBoss")+COUNTIF(StageSpawn!$F$2:$F$3284,"FlyingEyeBoss")+COUNTIF(StageSpawn!$F$2:$F$3284,"SkeletonBoss") -> 4 | D10: 정전기 | E10: 주 대상=기본+0.75A_side, 주변=0.75A_side, 수=2L+1
D11: 절단 | E11: 실제 관통당 1개·지연 0.3초·재사용 0.1초·cutting 검은 선분 피해 2A_side
D12: 방패 우회 | E12: 확률=min(30%,10%×L), 방패 반동에만 적용
A13: 시간 | B13: 1분간 적 수 | C13: 구간 끝 평균 적 레벨 | D13: 체력 관문 시작 | E13: 관문 배율 G(W)
A14: 1분 | B14: =COUNTIFS(StageSpawn!$C$2:$C$3284,">=0",StageSpawn!$C$2:$C$3284,"<60") -> 43 | C14: =WavePlan!M11 -> 5.2 | D14: WAVE_05 | E14: 1.2
A15: 2분 | B15: =COUNTIFS(StageSpawn!$C$2:$C$3284,">=60",StageSpawn!$C$2:$C$3284,"<120") -> 92 | C15: =WavePlan!M17 -> 10.4 | D15: WAVE_08 | E15: 1.5
A16: 3분 | B16: =COUNTIFS(StageSpawn!$C$2:$C$3284,">=120",StageSpawn!$C$2:$C$3284,"<180") -> 141 | C16: =WavePlan!M23 -> 14.6 | D16: WAVE_12 | E16: 1.9
A17: 4분 | B17: =COUNTIFS(StageSpawn!$C$2:$C$3284,">=180",StageSpawn!$C$2:$C$3284,"<240") -> 197 | C17: =WavePlan!M29 -> 19.8 | D17: WAVE_16 | E17: 2.4
A18: 5분 | B18: =COUNTIFS(StageSpawn!$C$2:$C$3284,">=240",StageSpawn!$C$2:$C$3284,"<300") -> 263 | C18: =WavePlan!M35 -> 25 | D18: WAVE_20 | E18: 3
A19: 6분 | B19: =COUNTIFS(StageSpawn!$C$2:$C$3284,">=300",StageSpawn!$C$2:$C$3284,"<360") -> 335 | C19: =WavePlan!M41 -> 30.2 | D19: WAVE_24 | E19: 3.8
A20: 7분 | B20: =COUNTIFS(StageSpawn!$C$2:$C$3284,">=360",StageSpawn!$C$2:$C$3284,"<420") -> 414 | C20: =WavePlan!M47 -> 35.4 | D20: WAVE_32 | E20: 4.8
A21: 8분 | B21: =COUNTIFS(StageSpawn!$C$2:$C$3284,">=420",StageSpawn!$C$2:$C$3284,"<480") -> 501 | C21: =WavePlan!M53 -> 40.6 | D21: WAVE_40 | E21: 6
A22: 9분 | B22: =COUNTIFS(StageSpawn!$C$2:$C$3284,">=480",StageSpawn!$C$2:$C$3284,"<540") -> 598 | C22: =WavePlan!M59 -> 45.8 | D22: WAVE_48 | E22: 7.5
A23: 10분 | B23: =COUNTIFS(StageSpawn!$C$2:$C$3284,">=540",StageSpawn!$C$2:$C$3284,"<600") -> 699 | C23: =WavePlan!M65 -> 52 | D23: WAVE_56 | E23: 9.5
A27: 5차 규칙: 오물 투척은 레벨마다 1/2/3/4/5개를 화면 안의 무작위 생존 적에게 동시에 던지고, 각 착탄 지점에 3초 장판을 생성해 0.5초마다 0.35~0.75배 피해를 줍니다. 반경은 레벨마다 기본 반경의 10%씩 증가합니다.
